metric,value,notes
Index structure,3 pillars / 10 domains / 50 indicators,
Expert review panel,5,"E01, E02, E03, E04, E05"
Decision rule,retain when all 5 experts rate relevance >= 7,no percentage threshold and no kappa: the panel is too small for either to be informative
Indicators retained (all agree),42,of 50 reviewed
Indicators for discussion,8,at least one expert rated below the threshold
Lowest single rating,4.0,relevance threshold is 7
AHP experts,8,14 matrices each
AHP matrices with CR >= 0.10,0,of 126 checked; max CR 0.0496
Global weights sum,1.0,across all 50 indicators
POSRRI (AHP weights),51.12,Developing
POSRRI (equal weights),45.33,Emerging
Strongest domain,D2,Designated Authority & Command Structure
Weakest domain,D5,Resources & Equipment
Mean implementation gap,0.32,"documentary minus field score, 0-3 points"
Spearman rho (AHP vs equal),0.9483,p = 2.93e-05; 5 domains change rank
