indicator_code,indicator_name,domain_code,domain_name,pillar_code,E01,E02,E03,E04,E05,n_experts,min_relevance,median_relevance,max_relevance,n_below_threshold,dissenting_experts,all_experts_agree,decision,mean_clarity,mean_feasibility
D1.1,National oil pollution preparedness and response legislation in force,D1,Legal & Regulatory Basis,A,8,9,8,8,7,5,7.0,8.0,9.0,0,,True,RETAIN,4.0,4.0
D1.2,Ratification and domestication of OPRC 1990 and CLC/FUND conventions,D1,Legal & Regulatory Basis,A,7,9,8,8,8,5,7.0,8.0,9.0,0,,True,RETAIN,4.0,4.2
D1.3,Port-level statutory instrument for spill preparedness and response,D1,Legal & Regulatory Basis,A,9,8,7,8,7,5,7.0,8.0,9.0,0,,True,RETAIN,4.0,4.2
D1.4,Legal mandate and approval status of the national contingency plan,D1,Legal & Regulatory Basis,A,8,8,8,9,9,5,8.0,8.0,9.0,0,,True,RETAIN,4.4,4.2
D1.5,"Enforcement provisions, penalty schedule and prosecution record",D1,Legal & Regulatory Basis,A,8,8,7,7,9,5,7.0,8.0,9.0,0,,True,RETAIN,3.6,4.0
D2.1,Legally designated competent national authority for oil spill response,D2,Designated Authority & Command Structure,A,8,8,9,8,8,5,8.0,8.0,9.0,0,,True,RETAIN,4.2,3.8
D2.2,"Designated On-Scene Commander role, appointment and authority",D2,Designated Authority & Command Structure,A,9,9,8,9,7,5,7.0,9.0,9.0,0,,True,RETAIN,4.0,4.0
D2.3,Incident command system formally adopted and documented,D2,Designated Authority & Command Structure,A,9,9,8,9,9,5,8.0,9.0,9.0,0,,True,RETAIN,4.0,3.8
D2.4,"Clarity of inter-agency roles, delegation and hand-over points",D2,Designated Authority & Command Structure,A,9,8,8,8,9,5,8.0,8.0,9.0,0,,True,RETAIN,4.2,4.0
D2.5,24/7 duty officer roster and command continuity arrangements,D2,Designated Authority & Command Structure,A,9,8,7,9,9,5,7.0,9.0,9.0,0,,True,RETAIN,4.0,3.8
D3.1,Single 24/7 point of contact for spill notification,D3,Notification & Reporting,B,9,5,7,5,8,5,5.0,7.0,9.0,2,"E02, E04",False,DISCUSS,4.2,3.4
D3.2,Mandatory reporting thresholds and notification timelines defined,D3,Notification & Reporting,B,7,8,8,7,8,5,7.0,8.0,8.0,0,,True,RETAIN,4.4,3.8
D3.3,Standardised notification format (POLREP or equivalent) in use,D3,Notification & Reporting,B,7,8,9,9,8,5,7.0,8.0,9.0,0,,True,RETAIN,4.4,4.4
D3.4,Escalation pathway and neighbouring-state / IMO notification,D3,Notification & Reporting,B,8,9,8,8,9,5,8.0,8.0,9.0,0,,True,RETAIN,4.0,3.4
D3.5,Logged notification drill performance and response-time records,D3,Notification & Reporting,B,8,9,8,7,9,5,7.0,8.0,9.0,0,,True,RETAIN,4.0,4.4
D4.1,Tier 1/2/3 definitions adopted with quantitative activation triggers,D4,Tiered Response Arrangements,B,5,9,8,9,8,5,5.0,8.0,9.0,1,E01,False,DISCUSS,4.2,3.8
D4.2,Tier 2 regional and mutual-aid agreements formally concluded,D4,Tiered Response Arrangements,B,9,5,8,5,8,5,5.0,8.0,9.0,2,"E02, E04",False,DISCUSS,4.4,3.8
D4.3,"Tier 3 international assistance arrangements (e.g. OSRL, regional centre)",D4,Tiered Response Arrangements,B,7,8,9,8,7,5,7.0,8.0,9.0,0,,True,RETAIN,4.4,4.0
D4.4,Documented activation criteria and escalation decision protocol,D4,Tiered Response Arrangements,B,9,9,8,9,9,5,8.0,9.0,9.0,0,,True,RETAIN,4.4,4.0
D4.5,Customs and immigration fast-track for cross-border response resources,D4,Tiered Response Arrangements,B,8,8,9,7,8,5,7.0,8.0,9.0,0,,True,RETAIN,3.8,3.6
D5.1,Containment boom inventory sufficiency and deployment capacity,D5,Resources & Equipment,B,9,8,8,8,9,5,8.0,8.0,9.0,0,,True,RETAIN,4.2,3.2
D5.2,Mechanical recovery (skimmer) capacity against the design scenario,D5,Resources & Equipment,B,8,4,8,7,8,5,4.0,8.0,8.0,1,E02,False,DISCUSS,4.0,4.2
D5.3,Temporary storage and oily-waste handling and disposal capacity,D5,Resources & Equipment,B,9,8,7,9,8,5,7.0,8.0,9.0,0,,True,RETAIN,4.4,4.2
D5.4,"Dispersant policy, approved stockpile and application capability",D5,Resources & Equipment,B,8,8,8,8,8,5,8.0,8.0,8.0,0,,True,RETAIN,3.6,4.0
D5.5,"Equipment maintenance, testing and readiness certification regime",D5,Resources & Equipment,B,8,8,9,7,8,5,7.0,8.0,9.0,0,,True,RETAIN,4.2,3.4
D6.1,IMO OPRC Level 1/2/3 training coverage of designated personnel,D6,Training & Exercises,B,8,7,8,8,9,5,7.0,8.0,9.0,0,,True,RETAIN,4.4,4.2
D6.2,"Annual exercise programme (notification, tabletop, deployment)",D6,Training & Exercises,B,8,8,9,9,5,5,5.0,8.0,9.0,1,E05,False,DISCUSS,4.2,4.4
D6.3,Full-scale multi-agency exercise conducted within the last three years,D6,Training & Exercises,B,9,8,7,9,9,5,7.0,9.0,9.0,0,,True,RETAIN,4.4,4.0
D6.4,Exercise evaluation against pre-defined performance objectives,D6,Training & Exercises,B,7,8,8,9,8,5,7.0,8.0,9.0,0,,True,RETAIN,3.6,4.2
D6.5,Competency records and refresher-training cycle maintained,D6,Training & Exercises,B,8,8,8,8,8,5,8.0,8.0,8.0,0,,True,RETAIN,4.2,4.2
D7.1,Dedicated standing response fund or ring-fenced budget line,D7,Funding & Liability Arrangements,C,9,8,7,9,8,5,7.0,8.0,9.0,0,,True,RETAIN,3.8,3.8
D7.2,Emergency procurement and rapid disbursement mechanism,D7,Funding & Liability Arrangements,C,8,7,7,7,9,5,7.0,7.0,9.0,0,,True,RETAIN,3.8,3.6
D7.3,"Compensation claims-handling capacity (CLC/FUND, IOPC procedures)",D7,Funding & Liability Arrangements,C,8,9,9,7,8,5,7.0,8.0,9.0,0,,True,RETAIN,4.2,3.6
D7.4,Cost-recovery and polluter-pays enforcement mechanism,D7,Funding & Liability Arrangements,C,9,8,9,8,8,5,8.0,8.0,9.0,0,,True,RETAIN,4.4,4.0
D7.5,Verification of vessel insurance and financial security certificates,D7,Funding & Liability Arrangements,C,8,9,8,9,9,5,8.0,9.0,9.0,0,,True,RETAIN,4.2,4.2
D8.1,Port oil spill contingency plan exists and is formally approved,D8,Plan Currency & Documentation,C,8,9,8,8,8,5,8.0,8.0,9.0,0,,True,RETAIN,4.4,4.2
D8.2,Plan review and update cycle of three years or less demonstrably observed,D8,Plan Currency & Documentation,C,9,8,9,7,9,5,7.0,9.0,9.0,0,,True,RETAIN,4.0,4.2
D8.3,Environmental sensitivity mapping and resource atlas currency,D8,Plan Currency & Documentation,C,8,8,7,7,9,5,7.0,8.0,9.0,0,,True,RETAIN,4.6,4.6
D8.4,Scenario-based risk assessment underpinning the plan,D8,Plan Currency & Documentation,C,8,8,9,8,8,5,8.0,8.0,9.0,0,,True,RETAIN,4.4,3.8
D8.5,Controlled distribution and operational accessibility of plan documents,D8,Plan Currency & Documentation,C,8,9,9,7,8,5,7.0,8.0,9.0,0,,True,RETAIN,4.8,3.8
D9.1,Standing multi-agency coordination committee with terms of reference,D9,Stakeholder Coordination,A,9,4,4,8,8,5,4.0,8.0,9.0,2,"E02, E03",False,DISCUSS,3.6,4.2
D9.2,Terminal operators and industry integrated into the port plan,D9,Stakeholder Coordination,A,8,4,9,4,7,5,4.0,7.0,9.0,2,"E02, E04",False,DISCUSS,3.6,4.2
D9.3,"Public, media and affected-community communication protocol",D9,Stakeholder Coordination,A,5,7,4,8,8,5,4.0,7.0,8.0,2,"E01, E03",False,DISCUSS,3.6,3.8
D9.4,Regional cooperation arrangements (Bay of Bengal / SACEP mechanisms),D9,Stakeholder Coordination,A,8,9,8,9,9,5,8.0,9.0,9.0,0,,True,RETAIN,3.8,3.0
D9.5,"Joint planning with fisheries, environment and coastal authorities",D9,Stakeholder Coordination,A,9,7,9,9,9,5,7.0,9.0,9.0,0,,True,RETAIN,4.0,4.0
D10.1,Incident and near-miss database with systematic record keeping,D10,"Monitoring, Review & After-Action Learning",C,8,7,8,9,7,5,7.0,8.0,9.0,0,,True,RETAIN,4.2,3.8
D10.2,Mandatory after-action review following incidents and exercises,D10,"Monitoring, Review & After-Action Learning",C,8,8,9,8,8,5,8.0,8.0,9.0,0,,True,RETAIN,3.8,3.6
D10.3,Corrective actions tracked to documented closure,D10,"Monitoring, Review & After-Action Learning",C,8,9,8,9,9,5,8.0,9.0,9.0,0,,True,RETAIN,4.0,4.2
D10.4,Readiness performance indicators monitored and reported periodically,D10,"Monitoring, Review & After-Action Learning",C,8,8,9,8,8,5,8.0,8.0,9.0,0,,True,RETAIN,4.0,4.6
D10.5,Independent audit or external peer review of preparedness,D10,"Monitoring, Review & After-Action Learning",C,8,9,8,8,8,5,8.0,8.0,9.0,0,,True,RETAIN,4.6,4.2
