indicator_code,E01,E02,E03,E04,E05
D1.1,8,9,8,8,7
D1.2,7,9,8,8,8
D1.3,9,8,7,8,7
D1.4,8,8,8,9,9
D1.5,8,8,7,7,9
D2.1,8,8,9,8,8
D2.2,9,9,8,9,7
D2.3,9,9,8,9,9
D2.4,9,8,8,8,9
D2.5,9,8,7,9,9
D3.1,9,5,7,5,8
D3.2,7,8,8,7,8
D3.3,7,8,9,9,8
D3.4,8,9,8,8,9
D3.5,8,9,8,7,9
D4.1,5,9,8,9,8
D4.2,9,5,8,5,8
D4.3,7,8,9,8,7
D4.4,9,9,8,9,9
D4.5,8,8,9,7,8
D5.1,9,8,8,8,9
D5.2,8,4,8,7,8
D5.3,9,8,7,9,8
D5.4,8,8,8,8,8
D5.5,8,8,9,7,8
D6.1,8,7,8,8,9
D6.2,8,8,9,9,5
D6.3,9,8,7,9,9
D6.4,7,8,8,9,8
D6.5,8,8,8,8,8
D7.1,9,8,7,9,8
D7.2,8,7,7,7,9
D7.3,8,9,9,7,8
D7.4,9,8,9,8,8
D7.5,8,9,8,9,9
D8.1,8,9,8,8,8
D8.2,9,8,9,7,9
D8.3,8,8,7,7,9
D8.4,8,8,9,8,8
D8.5,8,9,9,7,8
D9.1,9,4,4,8,8
D9.2,8,4,9,4,7
D9.3,5,7,4,8,8
D9.4,8,9,8,9,9
D9.5,9,7,9,9,9
D10.1,8,7,8,9,7
D10.2,8,8,9,8,8
D10.3,8,9,8,9,9
D10.4,8,8,9,8,8
D10.5,8,9,8,8,8
