expert_id,indicator_code,relevance,clarity,feasibility
E01,D1.1,8,4,2
E01,D1.2,7,4,4
E01,D1.3,9,4,5
E01,D1.4,8,5,4
E01,D1.5,8,4,4
E01,D10.1,8,5,3
E01,D10.2,8,4,4
E01,D10.3,8,4,4
E01,D10.4,8,4,5
E01,D10.5,8,4,5
E01,D2.1,8,4,3
E01,D2.2,9,5,5
E01,D2.3,9,4,3
E01,D2.4,9,5,3
E01,D2.5,9,4,2
E01,D3.1,9,5,4
E01,D3.2,7,5,4
E01,D3.3,7,4,5
E01,D3.4,8,4,3
E01,D3.5,8,3,5
E01,D4.1,5,4,4
E01,D4.2,9,5,4
E01,D4.3,7,5,3
E01,D4.4,9,4,4
E01,D4.5,8,3,3
E01,D5.1,9,5,5
E01,D5.2,8,5,5
E01,D5.3,9,4,4
E01,D5.4,8,4,5
E01,D5.5,8,5,5
E01,D6.1,8,4,4
E01,D6.2,8,4,5
E01,D6.3,9,5,3
E01,D6.4,7,4,5
E01,D6.5,8,4,4
E01,D7.1,9,4,4
E01,D7.2,8,3,4
E01,D7.3,8,3,3
E01,D7.4,9,5,4
E01,D7.5,8,5,4
E01,D8.1,8,3,4
E01,D8.2,9,3,4
E01,D8.3,8,4,4
E01,D8.4,8,4,3
E01,D8.5,8,5,3
E01,D9.1,9,4,4
E01,D9.2,8,4,3
E01,D9.3,5,3,3
E01,D9.4,8,4,3
E01,D9.5,9,4,5
E02,D1.1,9,5,4
E02,D1.2,9,4,3
E02,D1.3,8,3,4
E02,D1.4,8,5,4
E02,D1.5,8,3,4
E02,D10.1,7,4,4
E02,D10.2,8,4,3
E02,D10.3,9,4,4
E02,D10.4,8,4,4
E02,D10.5,9,5,4
E02,D2.1,8,4,3
E02,D2.2,9,4,3
E02,D2.3,9,4,4
E02,D2.4,8,4,4
E02,D2.5,8,4,5
E02,D3.1,5,4,4
E02,D3.2,8,4,4
E02,D3.3,8,5,4
E02,D3.4,9,4,3
E02,D3.5,9,5,3
E02,D4.1,9,5,4
E02,D4.2,5,5,4
E02,D4.3,8,4,5
E02,D4.4,9,4,5
E02,D4.5,8,4,4
E02,D5.1,8,4,3
E02,D5.2,4,4,5
E02,D5.3,8,4,4
E02,D5.4,8,4,5
E02,D5.5,8,4,2
E02,D6.1,7,5,5
E02,D6.2,8,5,5
E02,D6.3,8,5,5
E02,D6.4,8,3,3
E02,D6.5,8,3,4
E02,D7.1,8,4,3
E02,D7.2,7,5,4
E02,D7.3,9,5,3
E02,D7.4,8,4,3
E02,D7.5,9,4,4
E02,D8.1,9,5,4
E02,D8.2,8,3,4
E02,D8.3,8,5,4
E02,D8.4,8,5,2
E02,D8.5,9,5,3
E02,D9.1,4,3,5
E02,D9.2,4,3,5
E02,D9.3,7,4,4
E02,D9.4,9,4,3
E02,D9.5,7,4,4
E03,D1.1,8,4,5
E03,D1.2,8,3,5
E03,D1.3,7,4,4
E03,D1.4,8,4,4
E03,D1.5,7,4,4
E03,D10.1,8,4,4
E03,D10.2,9,3,3
E03,D10.3,8,4,4
E03,D10.4,9,4,5
E03,D10.5,8,5,3
E03,D2.1,9,4,5
E03,D2.2,8,3,5
E03,D2.3,8,4,5
E03,D2.4,8,4,5
E03,D2.5,7,4,4
E03,D3.1,7,5,4
E03,D3.2,8,5,4
E03,D3.3,9,5,4
E03,D3.4,8,5,3
E03,D3.5,8,4,4
E03,D4.1,8,5,4
E03,D4.2,8,4,5
E03,D4.3,9,4,5
E03,D4.4,8,5,3
E03,D4.5,9,4,4
E03,D5.1,8,4,3
E03,D5.2,8,3,4
E03,D5.3,7,4,4
E03,D5.4,8,3,3
E03,D5.5,9,4,3
E03,D6.1,8,4,4
E03,D6.2,9,5,4
E03,D6.3,7,4,3
E03,D6.4,8,3,5
E03,D6.5,8,5,5
E03,D7.1,7,4,3
E03,D7.2,7,4,3
E03,D7.3,9,5,4
E03,D7.4,9,4,4
E03,D7.5,8,4,3
E03,D8.1,8,5,3
E03,D8.2,9,4,3
E03,D8.3,7,5,5
E03,D8.4,9,5,5
E03,D8.5,9,5,4
E03,D9.1,4,4,5
E03,D9.2,9,3,5
E03,D9.3,4,3,5
E03,D9.4,8,4,3
E03,D9.5,9,3,3
E04,D1.1,8,4,4
E04,D1.2,8,4,4
E04,D1.3,8,4,3
E04,D1.4,9,4,4
E04,D1.5,7,3,5
E04,D10.1,9,4,4
E04,D10.2,8,4,4
E04,D10.3,9,4,4
E04,D10.4,8,5,5
E04,D10.5,8,5,4
E04,D2.1,8,5,5
E04,D2.2,9,4,4
E04,D2.3,9,4,4
E04,D2.4,8,3,4
E04,D2.5,9,4,4
E04,D3.1,5,4,4
E04,D3.2,7,4,3
E04,D3.3,9,4,5
E04,D3.4,8,4,4
E04,D3.5,7,4,5
E04,D4.1,9,4,3
E04,D4.2,5,5,3
E04,D4.3,8,5,3
E04,D4.4,9,5,4
E04,D4.5,7,3,3
E04,D5.1,8,4,2
E04,D5.2,7,4,3
E04,D5.3,9,5,4
E04,D5.4,8,4,3
E04,D5.5,7,5,4
E04,D6.1,8,4,4
E04,D6.2,9,4,5
E04,D6.3,9,4,5
E04,D6.4,9,4,3
E04,D6.5,8,5,4
E04,D7.1,9,3,5
E04,D7.2,7,3,3
E04,D7.3,7,4,3
E04,D7.4,8,4,4
E04,D7.5,9,5,5
E04,D8.1,8,5,5
E04,D8.2,7,5,5
E04,D8.3,7,5,5
E04,D8.4,8,3,5
E04,D8.5,7,4,5
E04,D9.1,8,4,4
E04,D9.2,4,3,3
E04,D9.3,8,4,4
E04,D9.4,9,4,3
E04,D9.5,9,5,4
E05,D1.1,7,3,5
E05,D1.2,8,5,5
E05,D1.3,7,5,5
E05,D1.4,9,4,5
E05,D1.5,9,4,3
E05,D10.1,7,4,4
E05,D10.2,8,4,4
E05,D10.3,9,4,5
E05,D10.4,8,3,4
E05,D10.5,8,4,5
E05,D2.1,8,4,3
E05,D2.2,7,4,3
E05,D2.3,9,4,3
E05,D2.4,9,5,4
E05,D2.5,9,4,4
E05,D3.1,8,3,1
E05,D3.2,8,4,4
E05,D3.3,8,4,4
E05,D3.4,9,3,4
E05,D3.5,9,4,5
E05,D4.1,8,3,4
E05,D4.2,8,3,3
E05,D4.3,7,4,4
E05,D4.4,9,4,4
E05,D4.5,8,5,4
E05,D5.1,9,4,3
E05,D5.2,8,4,4
E05,D5.3,8,5,5
E05,D5.4,8,3,4
E05,D5.5,8,3,3
E05,D6.1,9,5,4
E05,D6.2,5,3,3
E05,D6.3,9,4,4
E05,D6.4,8,4,5
E05,D6.5,8,4,4
E05,D7.1,8,4,4
E05,D7.2,9,4,4
E05,D7.3,8,4,5
E05,D7.4,8,5,5
E05,D7.5,9,3,5
E05,D8.1,8,4,5
E05,D8.2,9,5,5
E05,D8.3,9,4,5
E05,D8.4,8,5,4
E05,D8.5,8,5,4
E05,D9.1,8,3,3
E05,D9.2,7,5,5
E05,D9.3,8,4,3
E05,D9.4,9,3,3
E05,D9.5,9,4,4
