indicator_code,doc_score,field_score,final_score,evidence_source,adjudication_note
D1.1,2,2,2,CPA Act 2022 penalises port-area pollution; NOSCOP §5.1.1.8.1 gives ports immediate-response duty (Aiman 2025; MoEFCC 2020),
D1.2,2,2,2,"CPA Chairman sits on NOCS Committee; port duties defined (MoEFCC 2020, Part 4)",
D1.3,1,2,2,"DoE fined the owner of tanker Desh-1 Tk 3 crore on 27 Oct 2019, two days after the Karnaphuli spill (Dhaka Tribune 2019; Samakal 2019)","RAISED 1->2: enforcement is verified in a real port incident. Not 3: applied by DoE, case by case, and a comparable fine (Karnaphuli Dry Dock) was halved on appeal (TBS)."
D1.4,2,2,2,Party to OPRC and MARPOL; NOSCOP implements them (MoEFCC 2020); port MARPOL compliance weak (Saikot et al. 2025),
D1.5,1,1,1,Accession to CLC 1992 Protocol and Bunkers 2001 in July 2026 (BSS 2026; TBS 2026); not yet in force or domesticated; 1992 Fund outstanding,
D2.1,2,2,2,"MoEFCC Secretary and NOCS Committee designated (MoEFCC 2020, Part 4; Aiman 2025)",
D2.2,2,2,2,"For a port the OSC is the Harbour officer (MoEFCC 2020, §5.1.3, App. D)",
D2.3,1,1,1,Committee and team roles defined; no ICS/IMS structure evidenced (MoEFCC 2020),
D2.4,1,1,1,Tiers exist (§5.2.4) but no port-level activation thresholds (MoEFCC 2020),
D2.5,1,1,1,"CPA, Coast Guard and DoE all attended the 2019 Desh-1 spill (TBS 2019) and CPA, Navy and Coast Guard the Aug 2026 MT Sea Spike collision (New Nation 2026), but as parallel responders; Meghna 2022 showed weak coordination (Aiman 2025)",
D3.1,2,2,2,"Port must immediately notify NOCS Committee (MoEFCC 2020, §5.1.3.5)",
D3.2,1,1,1,Chain exists; NOCS Committee met 10 days after the 2022 Meghna spill (Aiman 2025; Daily Star 2023),
D3.3,2,2,2,"Primary oil-spill reporting format provided (MoEFCC 2020, App. F)",
D3.4,2,2,2,"All vessels must carry VHF (MoEFCC 2020, §5.2.2.5)",
D3.5,2,2,2,"Owners, masters, port and terminal authorities must notify (MoEFCC 2020, §5.2.2.1; §5.1.2.2.3)",
D4.1,2,2,2,"Three tiers with volume thresholds (MoEFCC 2020, §5.2.4; Aiman 2025)",
D4.2,1,1,1,Tiers defined; port duties per tier not detailed (MoEFCC 2020),
D4.3,2,2,2,Escalation to national and SACEP resources via App. G (MoEFCC 2020),
D4.4,2,2,2,"NEBA applied for response selection (MoEFCC 2020, §5.2.5)",
D4.5,1,2,2,CPA recovered about 8 of roughly 10 tonnes of diesel after the Oct 2019 Desh-1 spill; Deputy Conservator reported over 80% removed (TBS 2019a; TBS 2019b),"RAISED 1->2: a small (Tier 1) port spill was handled with CPA's own resources. Not 3: one incident, no equipment inventory or drill record; oil still spread about 16 km."
D5.1,1,1,1,No published current inventory; ITOPF profile lists only limited dispersant and equipment (Aiman 2025; ITOPF),
D5.2,1,1,1,No mobilisation-time standard for the port (MoEFCC 2020),
D5.3,2,2,2,"CPA owns the 25 m oily-waste collection vessel Bay Cleaner-2, built by Western Marine with Lamor, Finland (Western Marine 2010; WMS vessel record); confirmed by a senior CPA marine official in interview; adequacy uncertain (Saikot et al. 2025)",Candidate for 3 if the interview notes confirm the vessel is operational and in regular use.
D5.4,1,1,1,Regional and national support referenced (OPRC Art. 7; App. G); no standing contractor contracts documented (MoEFCC 2020),
D5.5,0,0,0,NOSCOP has no waste-management provision (Aiman 2025),
D6.1,1,1,1,"No training cadence in NOSCOP (Aiman 2025); Bangladesh officials joined the SACEP/UK oil spill responder training, 3-15 Mar 2025 (JNCC 2025), which is ad hoc and donor-run",
D6.2,0,0,0,No mandatory exercise cadence (Aiman 2025); no public record of a CPA oil spill drill found (search 7 Oct 2026),
D6.3,0,0,0,No evidence of scheduled multi-agency exercises (Aiman 2025); none found in public record (search 7 Oct 2026),
D6.4,1,1,1,Updates allowed after incidents (§5.2.10.2) but no systematic loop (MoEFCC 2020; Aiman 2025),
D6.5,1,1,1,No spill-specific responder H&S evidenced (MoEFCC 2020),
D7.1,1,1,1,"Finance Division approves only initial-response expenses (Aiman 2025, citing NOSCOP §5.2.11)",
D7.2,0,0,0,No dedicated oil-spill response fund (Aiman 2025),
D7.3,1,1,1,"Compensation and fines provided for (§5.2.9) with no recovery procedure (MoEFCC 2020); the Tk 3 crore Desh-1 fine (2019) was a penalty, not recovery of response costs",
D7.4,1,1,1,"Accession to CLC 1992, Bunkers 2001 and Nairobi 2007 in July 2026 (BSS 2026; TBS 2026); pending entry into force and domestic implementation",
D7.5,0,0,0,No requirement evidenced (Aiman 2025); will change once CLC/Bunkers certificates are enforced,
D8.1,1,1,1,National plan exists (MoEFCC 2020); no distinct current CPA plan evidenced,
D8.2,0,0,0,"Updating is incident-conditional only (Aiman 2025, citing §5.2.10.2)",
D8.3,0,0,0,No summary risk assessment in NOSCOP (Aiman 2025),
D8.4,0,0,0,No sensitivity map annexed (Aiman 2025),
D8.5,1,1,1,NOSCOP has an amendment record (App. H); port-level control unverified (MoEFCC 2020),
D9.1,2,2,2,"Roles distributed across agencies including CPA (MoEFCC 2020, Part 4)",
D9.2,1,1,1,Terminals must submit response plans (§5.1.2.2.3); integration unverified (MoEFCC 2020),
D9.3,1,1,1,SACEP framework and App. G exist (MoEFCC 2020; Aiman 2025); regional plan reviewed at 2025 SACEP/UK training (JNCC 2025); no activation or exercise on record,
D9.4,0,0,0,No community-engagement provision (Aiman 2025),
D9.5,0,0,0,No evidence of regular NOCS or port coordination meetings (Aiman 2025; Daily Star 2023),
D10.1,1,1,1,Post-operation report required (§5.2.10) without a method (MoEFCC 2020); CPA formed a three-member probe committee after the 2019 Desh-1 spill (TBS 2019a),
D10.2,0,0,0,No fixed reporting timeframe (Aiman 2025),
D10.3,1,1,1,"Permitted (§5.2.10.2), not systematically applied (MoEFCC 2020; Aiman 2025)",
D10.4,1,1,1,Incident records exist in principle; performance records unverified (MoEFCC 2020),
D10.5,0,0,0,No evidence of periodic self-assessment (IPIECA 2023),
